{"0":[0.861040917940933,-0.17870042753590476,-0.7964050832155674,0.9967679111890789,-0.997018075553108],"1":[-0.5628440522256011,-0.10235846070667866,0.8292731381482397,-0.9963326812548617,0.997219457803046],"2":[0,0.7919881899148978,0.8993231166428938,-0.9733255877257733,0.7318203736563388,-0.7313959909112977],"3":[-0.6847265249484423,-0.24116626181101192,0.891292551623562,-0.9864792379256315,0.9895821651406222],"4":[0.70243141472184,0.8275495012840273,-0.9992101813055133,0.8956175447012893,-0.9091635000385292],"5":[0.5921984191976133,-1,0.9005052382092825,-0.051884448262840784,-0.19399088472333956,0.0958014530050418],"6":[-0.6626468889711233,0.9652753800358207,-0.5466756859900546,-0.052624431834960045,-0.270884648326228,0.18657856107380608],"7":[-0.7648822374836137,-0.06841355476639127,0.618585638571329,-0.9999644435369167,0.9999170135153361],"8":[-0.9121567930390292,0.9565892372370771,-0.4178651709834893,-0.43052457643393655,0.4701131268936523],"9":[-0.7119823817965492,0.9978950309186604,-0.6712179220811171,0.029878902755902954,-0.07731286516311976,0.043413269979471376],"10":[-0.8023721747128418,-0.01072364512738732,0.844664305871256,-0.9996835749595546,0.9999949903984231],"11":[-0.7469965041020394,0.9991208167671941,-0.8201490169655545,0.036134369253663076,-0.05736652042524551],"12":[0.6938840350441607,0.06268685378225003,-0.673698162812896,0.9994916587344091,-0.9983167259384057],"13":[-0.09941086330723992,0.9345600758987687,-0.9709284803476869,0.6833858669996963,0.758867787192123,-0.7246827229667194],"14":[-0.3960513124101607,-0.42026774041385834,0.9241171382506236,-0.9656282524201816,-0.9989098731550522,0.96904891096389],"15":[-0.7564484186325333,-0.10897742705424203,0.83655124416769,-0.9897157156686893,-0.9985226820574037,0.9963928491638464],"16":[-0.48271638113564924,0.9984565198421846,-0.87047231808901,0.3132764676740914,0.38864455268286763,-0.3460433836651829],"17":[0.33364605470435393,0.6624167514641975,-0.9998696005758282,0.8924963287469468,-0.8833563193241039],"18":[-0.9998240800035829,0.6506361561414999,0.30731976194591015,-0.8285658721063865,0.8301536409047275],"19":[-0.19739685824129388,0.8648282113641059,-0.9918121552499256,0.7288392071987974,-0.7275993150461826],"20":[-0.25059538663191794,0.9876821131303704,-0.6628544675737004,-0.36077323768315106,0.8880272529069708,-0.9276196632282329],"21":[-0.7875886148377012,0.9716321334060497,-0.5465541143860397,-0.38411654062984635,0.39692418545717306],"22":[-0.21142676546711917,-0.6111075021473193,0.9674158028615957,-0.8344137310116472,-0.8991324531240987,0.8641494240531306],"23":[-0.7317854830311038,0.9637898482927474,-0.5174772249812777,-0.1052487517289187,-0.22591675246494633,0.18516264036315075],"24":[-0.6388534295477575,0.9985690674518017,-0.6635037923453446,0.00760761734988904,-0.0852382691630652,0.058357739137782354],"25":[-0.4874875605832873,0.995195818530514,-0.8571093683264273,0.4436848842206561,-0.4496725852920292],"26":[0.7554928664596564,-0.11918151902772808,-0.7825111835534154,0.9457366575390953,0.9995485700928717,-0.9983563082787015],"27":[-0.5899597575883962,-0.2914855273570184,0.010735707250871685,0.8636567429981279,-0.9824366518680833,0.9777238264146182],"28":[-0.9998619159269174,0.5250803438370361,0.16738212700917493,-0.76521689994514,0.75643278451224]}