{"0":[395.01953125,318.33984375,441.83984375,290.6875,431.87890625,345.53125,394.8671875,317.42578125,677.140625,340.17578125],"1":[689.3828125,225.89453125,663.48828125,263.921875,657.33203125,204.09375,686.51171875,223.7578125,475.640625,241.8671875],"2":[771.640625,254.37890625,771.640625,327.09375,819.7890625,289.9765625,858.81640625,271,765.6328125,249.03515625,987.40625,455.55859375],"3":[654.3046875,413.18359375,614.67578125,371.00390625,595.0859375,449.8359375,654.5859375,419.56640625,347.4375,368.5390625],"4":[552.91015625,543.95703125,589.7109375,581.24609375,647.18359375,542.2578125,563.59375,538.93359375,820.3671875,666.46484375],"5":[383.34375,556.6484375,407.72265625,523.4765625,316.8671875,523.4765625,379.30859375,553.62890625,367.73046875,330.77734375,355.796875,270.4296875],"6":[256.546875,455.21484375,224.41796875,491.52734375,296.7890625,511.11328125,258.46875,452.41796875,255.34375,511.71875,226.0390625,615.85546875],"7":[275.328125,319.5,245.8984375,294.71484375,240.96484375,366.66015625,277.54296875,320.19921875,114.03125,321.578125],"8":[724.84375,165.50390625,671.32421875,189.55078125,736.046875,209.26953125,715.390625,164.359375,629.13671875,345.1875],"9":[868.1328125,162.96875,827.48828125,203.0546875,913.984375,208.67578125,868.9140625,158.90234375,871.265625,237.5703125,856.765625,424.55859375],"10":[725.03125,483.91796875,672.53125,444.8671875,671.69140625,523.1796875,723.09765625,490.6015625,418.98046875,482.94921875],"11":[474.19921875,546.6015625,419.97265625,594.86328125,539.59765625,589.84375,477.796875,546.73046875,483.890625,715.26171875],"12":[894.37109375,534.1328125,927.6796875,499.56640625,932.8671875,582.15625,891.88671875,537.203125,1014.59375,541.1171875],"13":[701.6875,379.34765625,696.3046875,433.2265625,780.22265625,401.27734375,703.51953125,382.3671875,776.7890625,460.640625,883.3828125,552.1171875],"14":[392.68359375,241.16015625,366.3359375,180.07421875,327.9609375,262.9296875,394.58203125,235.3828125,178.89453125,177.32421875,133.83984375,175.21875],"15":[502.72265625,159.11328125,457.30078125,119.83984375,449.4921875,191.06640625,498.78125,158.78515625,383.3515625,142.1015625,160.75,129.98828125],"16":[586.38671875,131.91015625,564.703125,171.25,652.4140625,166.37109375,587.33984375,129.57421875,645.5859375,306.140625,685.89453125,401.703125],"17":[761.88671875,185.75,777.484375,141.6796875,812.6640625,181.46484375,763.56640625,180.671875,929.66796875,96.7265625],"18":[176.44921875,393.60546875,117.10546875,394.71875,162.95703125,448.234375,181.98828125,389.3046875,41.4296875,484.28515625],"19":[120.58203125,513.6328125,110.39453125,564.2265625,181.49609375,522.94921875,121.8828125,515.2734375,243.296875,629.33203125],"20":[340.1328125,582.41796875,331.42578125,616.0546875,384.90625,624.52734375,345.6875,580.2265625,330.11328125,620.48828125,625.83203125,467.375],"21":[861.58203125,595.33984375,830.52734375,619.63671875,888.9921875,633.8671875,861.01953125,591.0078125,799.2890625,739.38671875],"22":[956.125,627.81640625,948.63671875,593.19921875,913.0625,639.27734375,955.5546875,628.15625,829.9296875,545.1796875,734.21875,498.58984375],"23":[986.97265625,166.55859375,933.5,216.359375,1028.33203125,242.59765625,987.89453125,175.73046875,981.51953125,235.96484375,940.86328125,411.2734375],"24":[718.421875,122.50390625,668.9609375,182.06640625,772.390625,187.60546875,714.75,122.609375,715.578125,231.4609375,704.4453125,361.59375],"25":[441.09375,261.64453125,418.84375,221.79296875,496.828125,229.46484375,442.109375,262.3515625,523.328125,98.30078125],"26":[261.90625,391.03125,309.5546875,349.7109375,300.95703125,421.3359375,262.1640625,390.46875,280.59375,384.13671875,493.46484375,377.73828125],"27":[235.56640625,404.76171875,198.96484375,454.85546875,190.9921875,428.69140625,191.48828125,382.484375,237.57421875,409.3828125,33.41015625,448.16015625],"28":[301.3046875,303.03125,255.23828125,303.796875,291.55078125,362.65234375,300.75390625,308.4453125,89.59765625,486.08984375]}