{"0":[-0.9141462686067935,-0.06891338882876726,0.994208829112822,0.540362462665049,-0.30095677534006515,-0.9742110967441386,0.025392356990156188,-0.1917527840483345,0.9999121655716054,-0.8095075032326692],"1":[-0.9727365669752986,0.11399388073030015,0.999982431010538,-0.6088762023225904,0.04606298851444428,0.9999656034032697,-0.7882792033255133],"2":[-0.8811833516861808,-0.08773051984973396,0.9996688511401259,0.6390174461480949,-0.3392925794656919,-0.9662462804492288,0.04910857180187274,-0.9984796854447333,0.8348521947873563],"3":[-0.9945665678271489,-0.4712239360718773,0.9796744197703244,0.8984048717205689,-0.913247327436483,-0.007381829130918806,0.021719920502413538],"4":[-0.9414750106904254,-0.19959816720047527,0.8852624745060692,0.9936002668087206,0.6565526889036886,-0.31033329911992086,-0.9997188763754682,0.02331123941380794,-0.9974421736801435,0.8187166099156501],"5":[-0.7044522553095429,0.4395341789868451,0.992981503684724,0.7001147234514165,-0.4824793539257449,-0.996993664376374,0.01364585368589152,-0.9999554744058302,0.7834252770143859],"6":[-0.817494399825475,0.25236765507368714,0.9976501436548346,0.6473834253975796,-0.5946341119603293,-0.9982219881760503,0.11862077748784111,-0.9998700493751329,0.7791708998127918],"7":[0.9938837346736189,0.42581959603551367,-0.2534780891965515,-0.9989838179707073,-0.7204364218576901,-0.10032043405118891,0.8281094721359366,-0.022661844450848623,-0.9998798727188996,0.9680376242340969],"8":[-0.851790433242199,0.4251112229196617,0.9791303786157685,0.6825638621174633,-0.745965762300245,-0.02390657097455307,0.9999465100739763,-0.7570765855849776],"9":[-0.924978251209686,-0.028489231277694472,0.9882953268465297,0.7321409289700357,-0.1711004778343381,-0.9764945632216332,-0.007226879927763298,-0.9905749125765837,0.7752247825139789],"10":[-0.038311475451629995,0.9984540994574986,0.5185132013817471,-0.34842363977893687,-0.9673299869006265,0,0.9987425890832748,-0.80556765479942],"11":[-0.07062356605393945,0.9989109342936074,0.5792601661580803,-0.31122491586780604,-0.9695662684438744,-0.03514109115573943,-0.9997128481642901,0.7559745619290877],"12":[0.3780389835943039,0.9996171979984425,0.2270384411434578,-0.807709381844814,-0.9239931819785783,-0.288901231313739,-0.9990971181474989,-0.06802388813737772,0.7711777024251244],"13":[-0.9382349281545396,-0.23778901632195365,0.7715828129192179,0.9993518100732776,0.5614290139810827,-0.14973370932449576,-0.8202791660056088,-0.06794543221737587,0.9995157292881227,-0.8953011275598493],"14":[-0.9996542562422209,-0.6300882673309329,0.23131898839545634,0.9865390070619916,0.48747557185236423,-0.5293382852675824,-0.9710970418139603,0.05196879283748204,0.9999159755618955,-0.8185846525937795],"15":[-0.9671038561821412,-0.6839462345221873,0.7799087883341265,0.9754194973682554,0.06123031191615203,-0.841511436525799,0.06565771506699314,0.9940124201535052,-0.8230477838049108],"16":[-0.9969893625829083,-0.4186803209306665,0.9589137159726276,0.7969277479158838,-0.8895993006495879,-0.021839362898146336,-0.9993880425269109,0.8295520753778172],"17":[-0.9996099808969177,-0.5986392159298745,0.23657132258541283,0.9973219079214,0.8373671873613,-0.835493821404913,0.053756301919658286,0.9961285552960606,-0.8927286705934321],"18":[-0.6641881936459871,0.08823790283835638,0.9926587991622713,0.3525674172766059,-0.30141304120805273,-0.9514330875128093,-0.003582526311726199,0.9992856989852473,-0.8257127186835284],"19":[-0.9968337512236141,-0.3490753003073237,0.9727825951917106,0.48055798306389347,-0.43521029199077094,-0.05049663891415696,-0.9923756072103997,-0.9999999964405187,0.8997900191013295],"20":[0.9834091863335448,0.21509197831037713,-0.9467073117227215,-0.40132526343097097,0,0.9984864596193535,0.005280678272671887,-0.9997555109783934,0.8108090534034775],"21":[-0.9995000061415067,-0.36530811339056585,0.47021013988734583,0.9359011319470973,-0.07456338812636559,-0.8684190544975916,0.0025589387977975812,0.9999156981587236,-0.8518289291936193],"22":[-0.2763991252078301,0.9809024119402645,0.5243407908317311,-0.20603446181862048,-0.9569052903671612,0.014891228784875773,-0.9999716771125904,0.9173260115124285],"23":[-0.9808130844586588,-0.24221289774416888,0.9662803575783622,0.20100674973382376,-0.9402838260486214,-0.0931097527108549,0.9983906080950898,-0.8265389981527752],"24":[-0.9356515007853266,-0.2953148093755432,0.3262040022508196,0.9996343042261926,0.8138417037572667,-0.11694810334520611,-0.8891580715061678,0.10472572899383409,0.9994990222614183,-0.9111761573584598],"25":[0.8021003256518504,0.9087706798090726,-0.008926001946005487,-0.7075547990337111,-0.8528482987043957,-0.07864787836643128,-0.9990223304038602,-0.08627561306776094,0.6369945009696456],"26":[-0.41565830650906255,0.8618952615028731,0.9055007038202731,0.09737272034519011,-0.7526600964726771,-0.8329224621619725,-0.03644392986846474,0.9999942717201803,-0.38658232927658603],"27":[-0.01862290602458868,0.8283591145965774,0.9974563109542735,0.41432669574609104,-0.12340187921497459,-0.873459219937678,-0.9982290273185033,-0.15476826659294368,-0.996685227596209,-0.03306203736392949,0.6547662272131005],"28":[0.12663835316037386,0.9964111665175591,0.183461149462601,-0.8944559544159646,-0.30773882827776144,-0.9989646983538693,0,0.8075791536861296],"29":[0.126225325476611,0.9269730981433023,0.6829340224564092,-0.40461532091815744,-0.9974057462334692,-0.3172144844181386,-0.9995327130768358,-0.024298287308008367,0.6518344363772249],"30":[0.3950679212199974,0.9789983379811495,0.7865747009146764,0.046558515435698215,-0.6818486624278368,-0.9344477205620929,-0.23509246067465223,-0.9999508781564975,0.0255340440298281,0.9995927327774833,0.2143786795985909],"31":[0,0.8663169549799348,0.9961148985680786,0.2191464214211278,-0.5541879477347277,-0.9604328675558144,-0.2732947834889224,-0.9992126888728242,0.005969210248218742,0.16433688984211836],"32":[-0.5522469896963206,-0.9247801962219702,-0.15147606456355833,0.6283317983799962,0.8426680890920797,0.1967918848716062,0.9995287738619557,-0.06757878672994969,-0.6332235272647851],"33":[-0.6305008262847599,-0.9939947553348009,-0.495642328239993,0.06232382876092946,0.8778222831494509,0.9584110650209898,0.12340928731929321,0.9975471949150846,-0.01596874505510947,-0.589457476661453],"34":[-0.9947004302891619,-0.729606015583408,-0.06018878322723407,0.9498812021169714,0.8956751010358319,-0.04597227651172612,0.9954146092156461,0.010067680674860998,-0.5038585883437182],"35":[-0.9827124817597653,0.08882406974780249,0.999994329305974,0.2537126883649394,0.99990878345755,-0.031608844171761276,-0.46427376213947436],"36":[-0.6393413206136062,-0.9991736060508847,-0.19722162061799625,0.877459458140252,0.9954118187333739,0.3023102681972609,0.9998223289925287,-0.11128296665276005,-0.7870855200521469]}