{"0":[487.46875,354.66796875,474.72265625,360.3203125,473.39453125,379.546875,504.87109375,382.94921875,513.2421875,369.9140625,509.375,357.66015625,492.96484375,353.859375,495.25,263.89453125,487.91796875,226.3671875,661.203125,228.6640625],"1":[786.56640625,311.47265625,774.8515625,314.265625,776.6484375,329.92578125,813.55078125,330.14453125,798.39453125,310.3984375,802.890625,212.89453125,914.03515625,211.97265625],"2":[881.90625,393.953125,868.26953125,401.26953125,866.73828125,418.65625,896.6328125,417.88671875,906.73828125,405.72265625,902.48046875,393.91796875,885.91015625,389.5,890.46875,296.78515625,720.29296875,287.390625],"3":[630.58203125,437.6328125,608.00390625,439.99609375,598.98828125,456.87109375,627.2421875,462.65625,655.74609375,448.72265625,627.8046875,436.2578125,626.390625,244.703125],"4":[403.45703125,490.1796875,391.59765625,494.42578125,389.40234375,505.203125,404.64453125,513.2109375,420.51953125,515.015625,433.9296875,499.609375,429.359375,485.609375,406.30078125,486.15625,408.015625,412.61328125,279.75390625,403.421875],"5":[537.84375,508.39453125,521.2265625,525.13671875,529.11328125,541.25390625,548.33203125,543.54296875,569.1640625,522.296875,561.1640625,507.7734375,537.69140625,505.94921875,538.83984375,421.796875,429.9765625,422.82421875],"6":[678.60546875,502.2734375,667.18359375,510.3203125,670.8828125,524.50390625,693.1796875,526.03515625,704.26171875,512.98828125,698.08203125,504.6328125,681.53125,503.64453125,694.0390625,398.9453125,547.21875,396.578125],"7":[783.36328125,516.80859375,805.58203125,514.33984375,812.68359375,529.4296875,806.921875,551.41796875,780.6875,552.6015625,771.27734375,543.54296875,769.8046875,528.9375,784.27734375,519.140625,782.859375,456.5859375,536.16015625,452.76171875],"8":[253.625,343.97265625,232.01171875,357.265625,236.91015625,367.6953125,257.66796875,372.00390625,272.36328125,356.26953125,257.64453125,343.12890625,254.83984375,225.84375,388.90625,227.23046875],"9":[233.5703125,489.109375,222.11328125,484.40234375,221.34765625,457.5390625,248.2734375,453.3828125,256.23828125,460.79296875,253.42578125,476.98828125,238.87890625,480.19921875,238.10546875,587.21875,131.29296875,572.44921875],"10":[321.2734375,500.7265625,320.28125,474.84765625,335.6484375,473.9921875,342.015625,484.4921875,337.98046875,495.34765625,324.40234375,498.90625,324.40234375,574.97265625,429.3828125,580.2421875],"11":[477.98046875,477.8671875,476.09375,451.21875,492.234375,451.97265625,498.94921875,461.421875,495.08203125,473.23046875,484.59375,475.87890625,480.421875,594.5234375,346.953125,591.32421875],"12":[569.796875,596.5625,575.80078125,581.859375,598.5234375,581.23046875,605.26953125,610.16796875,589.8359375,621.43359375,576.8203125,616.046875,572.2890625,601.03125,450.84765625,606.1953125,444.44921875,700.0390625],"13":[745.83203125,630.46484375,727.31640625,623.63671875,722.15625,602.55859375,737.6875,589.75390625,758.94140625,590.51953125,764.8671875,599.25390625,762.69140625,613.62109375,751.20703125,621.62890625,745.7734375,701.4140625,880.02734375,697.234375],"14":[908.18359375,461.33203125,892.14453125,461.75390625,883.875,471.9453125,888.6015625,491.82421875,927.98046875,498.3515625,936.00390625,483.98046875,928.6875,472.25390625,904.80078125,466.3828125,909.0625,384.48828125,1015.7265625,385.87109375],"15":[716.26171875,201.3125,697.90625,206.140625,680.5,224.70703125,699.09375,239.62890625,735.94140625,231.3046875,736.62890625,220.09765625,711.62109375,204.04296875,717.90625,108.5234375,832.47265625,121.1171875],"16":[433.21875,288.58984375,408.10546875,290.54296875,399.046875,310.19140625,424.19921875,317.6328125,453.48046875,295.4375,434.56640625,285.7265625,432.19140625,177.00390625,258.421875,170.921875],"17":[158.859375,344.96875,143.8984375,345.38671875,133.71875,359.0078125,135.54296875,366.5,155.46484375,367.9609375,176.32421875,354.34375,157.3125,341.83984375,162.4296875,246.78515625,324.96484375,261.12890625],"18":[342.67578125,166.91015625,328.921875,151.4296875,330.734375,130.96875,364.140625,126.8984375,369.15625,140.2109375,365.35546875,152.234375,345.75,158.578125,345.33203125,275.24609375,510.39453125,281.48828125],"19":[578.3359375,178.15625,564.28125,177.03515625,555.23046875,152.73828125,579.40234375,146.98046875,585.3359375,157.80859375,575.95703125,177.2109375,570.87109375,277.80078125,486.92578125,267.375,394.33203125,267.3828125],"20":[630.31640625,174.953125,647.109375,171.85546875,651.078125,153.8359375,625.578125,145.16015625,615.8359375,167.39453125,615.8359375,173.6875,630.94140625,174.51953125,631.79296875,335.77734375,414.19921875,330.96484375],"21":[430.11328125,381.9765625,419,381.625,414.3828125,369.859375,423.4609375,352.8203125,443.1484375,360.23046875,442.09375,374.3359375,430.23046875,381.109375,430.50390625,487.96484375,606.1796875,490.24609375],"22":[305.22265625,434.640625,297.74609375,408.64453125,318.2734375,404.57421875,322.96875,412.19921875,319.5859375,428.265625,305.32421875,432.59375,306.5,511.54296875,131.078125,510.22265625],"23":[211.18359375,389.5234375,199.8046875,387.26171875,196.35546875,373.4453125,217.0390625,367.93359375,220.125,382.97265625,206.59375,387.87109375,195.71484375,504.203125,396.3125,515.59765625],"24":[403.28515625,337.44140625,387.73046875,343.30859375,383.24609375,357.81640625,386.19140625,366.3515625,399.04296875,366.69921875,412.93359375,356.78125,411.94140625,348.35546875,397.00390625,340.66796875,404.28515625,271.5234375,559.96484375,266.59375],"25":[687.015625,299.8203125,700.41015625,289.84765625,711.65625,295.01171875,711.515625,310.765625,696.09765625,326.1640625,686.0234375,319.99609375,684.69921875,303.2109375,533.3984375,309.90625,516.390625,506.3046875],"26":[952.09765625,352.83203125,943.3984375,333.796875,956.73046875,325.953125,968.93359375,331.671875,971.08984375,353.7109375,964.5390625,359.44140625,950.78125,350.30078125,944.51171875,522.21875,1022.98828125,521.953125],"27":[939.90625,219.08203125,939.41796875,192.8671875,952.8359375,183.79296875,969.3984375,184.9765625,976.84765625,201.33984375,975.44140625,212.6484375,959.05078125,221.78515625,945.0234375,222.62109375,942.76171875,208.18359375,784.7890625,221.078125,778.69921875,405.171875],"28":[160.66015625,186.9453125,163.86328125,161.85546875,188.83203125,159.734375,194.48046875,190,170.1875,202.14453125,163.5078125,181.4921875,96.4296875,184.546875,96.4296875,140.0390625],"29":[246.609375,159.125,249.046875,139.96875,262.734375,134.4296875,279.3984375,152.25390625,269.86328125,173.8046875,252.21875,172.53125,246.9453125,156.765625,122.40625,160.57421875,118.828125,307.7890625],"30":[74.9375,374.98046875,84.98828125,351.609375,104.515625,347.54296875,114.91015625,355.703125,115.60546875,370.62109375,92.96484375,394.91015625,81.40234375,390.50390625,76.171875,368.87890625,27.69921875,369.359375,31.71875,526.7265625,41.5703125,527.0078125],"31":[46.62109375,508.83984375,46.62109375,480.1796875,55.625,474.98828125,77.76171875,476.9453125,83.609375,502.98046875,69.953125,523.4921875,56.49609375,527.39453125,48.8828125,500.59765625,23.9921875,499.609375,24.828125,639.6484375],"32":[289.2109375,550.80859375,279.8671875,536.703125,265.94921875,542.4296875,262.046875,567.89453125,272.80859375,581.21875,286.0625,572.75,291.09375,547.68359375,402.13671875,544.2734375,393.09375,677.78125],"33":[640.67578125,594.2734375,628.5546875,579.3515625,603.9296875,582.0625,590.4921875,605.609375,591.60546875,623.4375,600.546875,628.31640625,631.453125,619.11328125,634.109375,597.75390625,766.15625,607.01953125,763.26953125,426.26953125],"34":[851.7421875,551.11328125,827.93359375,548.65234375,813.7265625,561.96875,812.68359375,579.265625,830.23828125,585.04296875,853.1640625,573.66015625,852.08203125,550.1484375,958.015625,560.328125,959.9765625,365.5625],"35":[839.1953125,448.33984375,817.921875,444.33203125,819.859375,466.05859375,838.41796875,466.12109375,842.04296875,452.30078125,951.06640625,453.7734375,944.86328125,649.921875],